{
  "resolution": {
    "width": 1600,
    "height": 1200
  },
  "cameraIntrinsics": {
    "rows": 3,
    "cols": 3,
    "type": 6,
    "data": [
      904.5269702,
      0,
      782.8731128,
      0,
      904.8668858,
      670.338205,
      0,
      0,
      1
    ]
  },
  "distCoeffs": {
    "rows": 1,
    "cols": 8,
    "type": 6,
    "data": [
      0.01341493485,
      -0.001348889809,
      0.002416248167,
      -0.00286983231,
      0.08619385076,
      -0.0367786008,
      0.07183137481,
      0.06855403827
    ]
  },
  "observations": [],
  "calobjectWarp": [],
  "calobjectSize": {
    "width": 0,
    "height": 0
  },
  "calobjectSpacing": 0
}
